-- MySQL dump 10.13  Distrib 5.7.35, for Linux (x86_64)
--
-- Host: localhost    Database: 
-- ------------------------------------------------------
-- Server version	5.7.35

SET NAMES utf8;
SET character_set_client = utf8mb4;
--
-- Current Database: `wanteddb`
--

CREATE DATABASE /*!32312 IF NOT EXISTS*/ `wanteddb` /*!40100 DEFAULT CHARACTER SET latin1 */;

USE `wanteddb`;

--
-- Table structure for table `Company`
--

DROP TABLE IF EXISTS `Company`;
/*!40101 SET @saved_cs_client     = @@character_set_client */;
/*!40101 SET character_set_client = utf8 */;
CREATE TABLE `Company` (
  `id` int(11) NOT NULL AUTO_INCREMENT,
  `created_at` datetime NOT NULL,
  `updated_at` datetime NOT NULL,
  PRIMARY KEY (`id`)
) ENGINE=InnoDB AUTO_INCREMENT=101 DEFAULT CHARSET=utf8mb4;
/*!40101 SET character_set_client = @saved_cs_client */;

--
-- Dumping data for table `Company`
--

LOCK TABLES `Company` WRITE;
/*!40000 ALTER TABLE `Company` DISABLE KEYS */;
INSERT INTO `Company` VALUES (1,'2021-08-25 17:15:32','2021-08-25 17:15:32'),(2,'2021-08-25 17:15:32','2021-08-25 17:15:32'),(3,'2021-08-25 17:15:32','2021-08-25 17:15:32'),(4,'2021-08-25 17:15:32','2021-08-25 17:15:32'),(5,'2021-08-25 17:15:32','2021-08-25 17:15:32'),(6,'2021-08-25 17:15:32','2021-08-25 17:15:32'),(7,'2021-08-25 17:15:32','2021-08-25 17:15:32'),(8,'2021-08-25 17:15:32','2021-08-25 17:15:32'),(9,'2021-08-25 17:15:32','2021-08-25 17:15:32'),(10,'2021-08-25 17:15:32','2021-08-25 17:15:32'),(11,'2021-08-25 17:15:32','2021-08-25 17:15:32'),(12,'2021-08-25 17:15:32','2021-08-25 17:15:32'),(13,'2021-08-25 17:15:32','2021-08-25 17:15:32'),(14,'2021-08-25 17:15:32','2021-08-25 17:15:32'),(15,'2021-08-25 17:15:32','2021-08-25 17:15:32'),(16,'2021-08-25 17:15:32','2021-08-25 17:15:32'),(17,'2021-08-25 17:15:32','2021-08-25 17:15:32'),(18,'2021-08-25 17:15:32','2021-08-25 17:15:32'),(19,'2021-08-25 17:15:32','2021-08-25 17:15:32'),(20,'2021-08-25 17:15:32','2021-08-25 17:15:32'),(21,'2021-08-25 17:15:32','2021-08-25 17:15:32'),(22,'2021-08-25 17:15:32','2021-08-25 17:15:32'),(23,'2021-08-25 17:15:32','2021-08-25 17:15:32'),(24,'2021-08-25 17:15:32','2021-08-25 17:15:32'),(25,'2021-08-25 17:15:32','2021-08-25 17:15:32'),(26,'2021-08-25 17:15:32','2021-08-25 17:15:32'),(27,'2021-08-25 17:15:32','2021-08-25 17:15:32'),(28,'2021-08-25 17:15:32','2021-08-25 17:15:32'),(29,'2021-08-25 17:15:32','2021-08-25 17:15:32'),(30,'2021-08-25 17:15:32','2021-08-25 17:15:32'),(31,'2021-08-25 17:15:32','2021-08-25 17:15:32'),(32,'2021-08-25 17:15:32','2021-08-25 17:15:32'),(33,'2021-08-25 17:15:32','2021-08-25 17:15:32'),(34,'2021-08-25 17:15:32','2021-08-25 17:15:32'),(35,'2021-08-25 17:15:32','2021-08-25 17:15:32'),(36,'2021-08-25 17:15:32','2021-08-25 17:15:32'),(37,'2021-08-25 17:15:32','2021-08-25 17:15:32'),(38,'2021-08-25 17:15:32','2021-08-25 17:15:32'),(39,'2021-08-25 17:15:32','2021-08-25 17:15:32'),(40,'2021-08-25 17:15:32','2021-08-25 17:15:32'),(41,'2021-08-25 17:15:32','2021-08-25 17:15:32'),(42,'2021-08-25 17:15:32','2021-08-25 17:15:32'),(43,'2021-08-25 17:15:32','2021-08-25 17:15:32'),(44,'2021-08-25 17:15:32','2021-08-25 17:15:32'),(45,'2021-08-25 17:15:32','2021-08-25 17:15:32'),(46,'2021-08-25 17:15:32','2021-08-25 17:15:32'),(47,'2021-08-25 17:15:32','2021-08-25 17:15:32'),(48,'2021-08-25 17:15:32','2021-08-25 17:15:32'),(49,'2021-08-25 17:15:32','2021-08-25 17:15:32'),(50,'2021-08-25 17:15:32','2021-08-25 17:15:32'),(51,'2021-08-25 17:15:32','2021-08-25 17:15:32'),(52,'2021-08-25 17:15:32','2021-08-25 17:15:32'),(53,'2021-08-25 17:15:32','2021-08-25 17:15:32'),(54,'2021-08-25 17:15:32','2021-08-25 17:15:32'),(55,'2021-08-25 17:15:32','2021-08-25 17:15:32'),(56,'2021-08-25 17:15:32','2021-08-25 17:15:32'),(57,'2021-08-25 17:15:32','2021-08-25 17:15:32'),(58,'2021-08-25 17:15:32','2021-08-25 17:15:32'),(59,'2021-08-25 17:15:32','2021-08-25 17:15:32'),(60,'2021-08-25 17:15:32','2021-08-25 17:15:32'),(61,'2021-08-25 17:15:32','2021-08-25 17:15:32'),(62,'2021-08-25 17:15:32','2021-08-25 17:15:32'),(63,'2021-08-25 17:15:32','2021-08-25 17:15:32'),(64,'2021-08-25 17:15:32','2021-08-25 17:15:32'),(65,'2021-08-25 17:15:32','2021-08-25 17:15:32'),(66,'2021-08-25 17:15:32','2021-08-25 17:15:32'),(67,'2021-08-25 17:15:32','2021-08-25 17:15:32'),(68,'2021-08-25 17:15:32','2021-08-25 17:15:32'),(69,'2021-08-25 17:15:32','2021-08-25 17:15:32'),(70,'2021-08-25 17:15:32','2021-08-25 17:15:32'),(71,'2021-08-25 17:15:32','2021-08-25 17:15:32'),(72,'2021-08-25 17:15:32','2021-08-25 17:15:32'),(73,'2021-08-25 17:15:32','2021-08-25 17:15:32'),(74,'2021-08-25 17:15:32','2021-08-25 17:15:32'),(75,'2021-08-25 17:15:32','2021-08-25 17:15:32'),(76,'2021-08-25 17:15:32','2021-08-25 17:15:32'),(77,'2021-08-25 17:15:32','2021-08-25 17:15:32'),(78,'2021-08-25 17:15:32','2021-08-25 17:15:32'),(79,'2021-08-25 17:15:32','2021-08-25 17:15:32'),(80,'2021-08-25 17:15:32','2021-08-25 17:15:32'),(81,'2021-08-25 17:15:32','2021-08-25 17:15:32'),(82,'2021-08-25 17:15:32','2021-08-25 17:15:32'),(83,'2021-08-25 17:15:32','2021-08-25 17:15:32'),(84,'2021-08-25 17:15:32','2021-08-25 17:15:32'),(85,'2021-08-25 17:15:32','2021-08-25 17:15:32'),(86,'2021-08-25 17:15:32','2021-08-25 17:15:32'),(87,'2021-08-25 17:15:32','2021-08-25 17:15:32'),(88,'2021-08-25 17:15:32','2021-08-25 17:15:32'),(89,'2021-08-25 17:15:32','2021-08-25 17:15:32'),(90,'2021-08-25 17:15:32','2021-08-25 17:15:32'),(91,'2021-08-25 17:15:32','2021-08-25 17:15:32'),(92,'2021-08-25 17:15:32','2021-08-25 17:15:32'),(93,'2021-08-25 17:15:32','2021-08-25 17:15:32'),(94,'2021-08-25 17:15:32','2021-08-25 17:15:32'),(95,'2021-08-25 17:15:32','2021-08-25 17:15:32'),(96,'2021-08-25 17:15:32','2021-08-25 17:15:32'),(97,'2021-08-25 17:15:32','2021-08-25 17:15:32'),(98,'2021-08-25 17:15:32','2021-08-25 17:15:32'),(99,'2021-08-25 17:15:32','2021-08-25 17:15:32'),(100,'2021-08-25 17:15:32','2021-08-25 17:15:32');
/*!40000 ALTER TABLE `Company` ENABLE KEYS */;
UNLOCK TABLES;

--
-- Table structure for table `CompanyLang`
--

DROP TABLE IF EXISTS `CompanyLang`;
/*!40101 SET @saved_cs_client     = @@character_set_client */;
/*!40101 SET character_set_client = utf8 */;
CREATE TABLE `CompanyLang` (
  `id` int(11) NOT NULL AUTO_INCREMENT,
  `lang` varchar(50) DEFAULT NULL,
  `company_id` int(11) DEFAULT NULL,
  `name` varchar(50) DEFAULT NULL,
  PRIMARY KEY (`id`),
  KEY `company_id` (`company_id`),
  KEY `ix_CompanyLang_name` (`name`),
  CONSTRAINT `CompanyLang_ibfk_1` FOREIGN KEY (`company_id`) REFERENCES `Company` (`id`)
) ENGINE=InnoDB AUTO_INCREMENT=111 DEFAULT CHARSET=utf8mb4;
/*!40101 SET character_set_client = @saved_cs_client */;

--
-- Dumping data for table `CompanyLang`
--

LOCK TABLES `CompanyLang` WRITE;
/*!40000 ALTER TABLE `CompanyLang` DISABLE KEYS */;
INSERT INTO `CompanyLang` VALUES (1,'ko',1,'원티드랩'),(2,'ko',3,'이상한마케팅'),(3,'ko',4,'인포뱅크'),(4,'ko',5,'아이씨그룹'),(5,'ko',6,'딤딤섬 대구점'),(6,'ko',7,'파운데이션엑스'),(7,'ko',8,'엣지랭크'),(8,'ko',9,'커넥티어'),(9,'ko',10,'자버(Jober)'),(10,'ko',11,'앨리스헬스케어'),(11,'ko',12,'(주)몬스터스튜디오'),(12,'ko',13,'SM Entertainment Japan'),(13,'ko',14,'쿠차'),(14,'ko',15,'ZMP'),(15,'ko',16,'몽키랩'),(16,'ko',17,'와이케이비앤씨'),(17,'ko',18,'코츠테크놀로지'),(18,'ko',19,'비고라이브'),(19,'ko',20,'크로싱'),(20,'ko',21,'트리노드'),(21,'ko',22,'와이즈키즈(wisekids)'),(22,'ko',23,'Obelab'),(23,'ko',25,'웹티즌'),(24,'ko',26,'마이셀럽스'),(25,'ko',27,'데이터얼라이언스(DataAlliance)'),(26,'ko',28,'쿼드자산운용'),(27,'ko',29,'주식회사 링크드코리아'),(28,'ko',30,'주렁주렁(zoolungzoolung)'),(29,'ko',33,'동신항운'),(30,'ko',34,'히숲'),(31,'ko',35,'COVENANT'),(32,'ko',36,'젠틀파이'),(33,'ko',37,'아크로고스'),(34,'ko',38,'페르소나미디어'),(35,'ko',42,'스트라다월드와이드(Strada)'),(36,'ko',43,'도빗(Dobbit)'),(37,'ko',44,'지란지교시큐리티'),(38,'ko',45,'캠퍼스멘토'),(39,'ko',46,'삼일제약'),(40,'ko',47,'제이에이치개발'),(41,'ko',48,'오케이코인코리아'),(42,'ko',49,'그릿연구소'),(43,'ko',50,'세계정부 世界政府'),(44,'ko',51,'투게더앱스'),(45,'ko',52,'Dream Agility'),(46,'ko',53,'대성시스템'),(47,'ko',54,'바이럴네이션'),(48,'ko',55,'오가나셀'),(49,'ko',56,'디토나인'),(50,'ko',58,'대상홀딩스(주) - existing'),(51,'ko',59,'만나씨이에이'),(52,'ko',60,'지오코리아(페루관광청)'),(53,'ko',61,'KFC Korea'),(54,'ko',62,'까브드뱅(Cave de Vin)'),(55,'ko',63,'홈스토리생활'),(56,'ko',64,'아이엠에이치씨(IMHC)'),(57,'ko',65,'플라이트그래프-탈퇴'),(58,'ko',66,'YG PLUS'),(59,'ko',67,'우리말소프트'),(60,'ko',68,'아로마티카'),(61,'ko',70,'스피링크'),(62,'ko',71,'Onion Ground'),(63,'ko',72,'브레이브팝스'),(64,'ko',73,'Bidalgo'),(65,'ko',74,'티엠씨케이'),(66,'ko',75,'(주) 휴톰-중복'),(67,'ko',77,'헬프미'),(68,'ko',78,'(주) 새론다이내믹스'),(69,'ko',79,'마상소프트'),(70,'ko',80,'(주)아임블록'),(71,'ko',81,'(주)이모션글로벌-중복'),(72,'ko',82,'Altagram'),(73,'ko',83,'이베스트투자증권'),(74,'ko',84,'소굿마케팅'),(75,'ko',87,'더락포트컴퍼니코리아-중복'),(76,'ko',88,'휴마트컴퍼니'),(77,'ko',89,'디센터'),(78,'ko',90,'컬쳐히어로'),(79,'ko',91,'보비어스코리아'),(80,'ko',92,'베이글랩스'),(81,'ko',94,'애디터(Additor)'),(82,'ko',96,'500V2'),(83,'ko',97,'플라이앤컴퍼니(푸드플라이)'),(84,'ko',98,'영우디지탈-중복'),(85,'ko',100,'시니어벤처스'),(86,'en',1,'Wantedlab'),(87,'en',2,'OKAY.com'),(88,'en',4,'infobank'),(89,'en',24,'Foodpanda'),(90,'en',28,'쿼드자산운용'),(91,'en',31,'Amore Pacific_TEST'),(92,'en',32,'Luna Marketing Group'),(93,'en',35,'COVENANT'),(94,'en',38,'Persona Media'),(95,'en',39,'Rejoice Pregnancy'),(96,'en',40,'The Wave'),(97,'en',41,'CoCoon Foundation'),(98,'en',52,'Dream Agility'),(99,'en',57,'Haulio'),(100,'en',60,'GEOCM Co.'),(101,'en',69,'Private Organization'),(102,'en',76,'Chengbao'),(103,'en',85,'Grab'),(104,'en',86,'HK Yau'),(105,'en',93,'Katalis Digital'),(106,'en',95,'Avanade Asia Pte Ltd'),(107,'en',99,'Machipopo Inc.'),(108,'jp',13,''),(109,'jp',15,''),(110,'jp',60,'GEOCM Co.');
/*!40000 ALTER TABLE `CompanyLang` ENABLE KEYS */;
UNLOCK TABLES;


--
-- Table structure for table `Tag`
--

DROP TABLE IF EXISTS `Tag`;
/*!40101 SET @saved_cs_client     = @@character_set_client */;
/*!40101 SET character_set_client = utf8 */;
CREATE TABLE `Tag` (
  `id` int(11) NOT NULL AUTO_INCREMENT,
  `created_at` datetime NOT NULL,
  `updated_at` datetime NOT NULL,
  PRIMARY KEY (`id`)
) ENGINE=InnoDB AUTO_INCREMENT=31 DEFAULT CHARSET=utf8mb4;
/*!40101 SET character_set_client = @saved_cs_client */;

--
-- Dumping data for table `Tag`
--

LOCK TABLES `Tag` WRITE;
/*!40000 ALTER TABLE `Tag` DISABLE KEYS */;
INSERT INTO `Tag` VALUES (1,'2021-08-25 17:15:32','2021-08-25 17:15:32'),(2,'2021-08-25 17:15:32','2021-08-25 17:15:32'),(3,'2021-08-25 17:15:32','2021-08-25 17:15:32'),(4,'2021-08-25 17:15:32','2021-08-25 17:15:32'),(5,'2021-08-25 17:15:32','2021-08-25 17:15:32'),(6,'2021-08-25 17:15:32','2021-08-25 17:15:32'),(7,'2021-08-25 17:15:32','2021-08-25 17:15:32'),(8,'2021-08-25 17:15:32','2021-08-25 17:15:32'),(9,'2021-08-25 17:15:32','2021-08-25 17:15:32'),(10,'2021-08-25 17:15:32','2021-08-25 17:15:32'),(11,'2021-08-25 17:15:32','2021-08-25 17:15:32'),(12,'2021-08-25 17:15:32','2021-08-25 17:15:32'),(13,'2021-08-25 17:15:32','2021-08-25 17:15:32'),(14,'2021-08-25 17:15:32','2021-08-25 17:15:32'),(15,'2021-08-25 17:15:32','2021-08-25 17:15:32'),(16,'2021-08-25 17:15:32','2021-08-25 17:15:32'),(17,'2021-08-25 17:15:32','2021-08-25 17:15:32'),(18,'2021-08-25 17:15:32','2021-08-25 17:15:32'),(19,'2021-08-25 17:15:32','2021-08-25 17:15:32'),(20,'2021-08-25 17:15:32','2021-08-25 17:15:32'),(21,'2021-08-25 17:15:32','2021-08-25 17:15:32'),(22,'2021-08-25 17:15:32','2021-08-25 17:15:32'),(23,'2021-08-25 17:15:32','2021-08-25 17:15:32'),(24,'2021-08-25 17:15:32','2021-08-25 17:15:32'),(25,'2021-08-25 17:15:32','2021-08-25 17:15:32'),(26,'2021-08-25 17:15:32','2021-08-25 17:15:32'),(27,'2021-08-25 17:15:32','2021-08-25 17:15:32'),(28,'2021-08-25 17:15:32','2021-08-25 17:15:32'),(29,'2021-08-25 17:15:32','2021-08-25 17:15:32'),(30,'2021-08-25 17:15:32','2021-08-25 17:15:32');
/*!40000 ALTER TABLE `Tag` ENABLE KEYS */;
UNLOCK TABLES;

--
-- Table structure for table `TagLang`
--

DROP TABLE IF EXISTS `TagLang`;
/*!40101 SET @saved_cs_client     = @@character_set_client */;
/*!40101 SET character_set_client = utf8 */;
CREATE TABLE `TagLang` (
  `id` int(11) NOT NULL AUTO_INCREMENT,
  `tag_id` int(11) DEFAULT NULL,
  `name` varchar(50) DEFAULT NULL,
  `lang` varchar(50) DEFAULT NULL,
  PRIMARY KEY (`id`),
  KEY `tag_id` (`tag_id`),
  CONSTRAINT `TagLang_ibfk_1` FOREIGN KEY (`tag_id`) REFERENCES `Tag` (`id`)
) ENGINE=InnoDB AUTO_INCREMENT=91 DEFAULT CHARSET=utf8mb4;
/*!40101 SET character_set_client = @saved_cs_client */;

--
-- Dumping data for table `TagLang`
--

LOCK TABLES `TagLang` WRITE;
/*!40000 ALTER TABLE `TagLang` DISABLE KEYS */;
INSERT INTO `TagLang` VALUES (1,1,'태그_1','ko'),(2,2,'태그_2','ko'),(3,3,'태그_3','ko'),(4,4,'태그_4','ko'),(5,5,'태그_5','ko'),(6,6,'태그_6','ko'),(7,7,'태그_7','ko'),(8,8,'태그_8','ko'),(9,9,'태그_9','ko'),(10,10,'태그_10','ko'),(11,11,'태그_11','ko'),(12,12,'태그_12','ko'),(13,13,'태그_13','ko'),(14,14,'태그_14','ko'),(15,15,'태그_15','ko'),(16,16,'태그_16','ko'),(17,17,'태그_17','ko'),(18,18,'태그_18','ko'),(19,19,'태그_19','ko'),(20,20,'태그_20','ko'),(21,21,'태그_21','ko'),(22,22,'태그_22','ko'),(23,23,'태그_23','ko'),(24,24,'태그_24','ko'),(25,25,'태그_25','ko'),(26,26,'태그_26','ko'),(27,27,'태그_27','ko'),(28,28,'태그_28','ko'),(29,29,'태그_29','ko'),(30,30,'태그_30','ko'),(31,1,'tag_1','en'),(32,2,'tag_2','en'),(33,3,'tag_3','en'),(34,4,'tag_4','en'),(35,5,'tag_5','en'),(36,6,'tag_6','en'),(37,7,'tag_7','en'),(38,8,'tag_8','en'),(39,9,'tag_9','en'),(40,10,'tag_10','en'),(41,11,'tag_11','en'),(42,12,'tag_12','en'),(43,13,'tag_13','en'),(44,14,'tag_14','en'),(45,15,'tag_15','en'),(46,16,'tag_16','en'),(47,17,'tag_17','en'),(48,18,'tag_18','en'),(49,19,'tag_19','en'),(50,20,'tag_20','en'),(51,21,'tag_21','en'),(52,22,'tag_22','en'),(53,23,'tag_23','en'),(54,24,'tag_24','en'),(55,25,'tag_25','en'),(56,26,'tag_26','en'),(57,27,'tag_27','en'),(58,28,'tag_28','en'),(59,29,'tag_29','en'),(60,30,'tag_30','en'),(61,1,'タグ_1','jp'),(62,2,'タグ_2','jp'),(63,3,'タグ_3','jp'),(64,4,'タグ_4','jp'),(65,5,'タグ_5','jp'),(66,6,'タグ_6','jp'),(67,7,'タグ_7','jp'),(68,8,'タグ_8','jp'),(69,9,'タグ_9','jp'),(70,10,'タグ_10','jp'),(71,11,'タグ_11','jp'),(72,12,'タグ_12','jp'),(73,13,'タグ_13','jp'),(74,14,'タグ_14','jp'),(75,15,'タグ_15','jp'),(76,16,'タグ_16','jp'),(77,17,'タグ_17','jp'),(78,18,'タグ_18','jp'),(79,19,'タグ_19','jp'),(80,20,'タグ_20','jp'),(81,21,'タグ_21','jp'),(82,22,'タグ_22','jp'),(83,23,'タグ_23','jp'),(84,24,'タグ_24','jp'),(85,25,'タグ_25','jp'),(86,26,'タグ_26','jp'),(87,27,'タグ_27','jp'),(88,28,'タグ_28','jp'),(89,29,'タグ_29','jp'),(90,30,'タグ_30','jp');
/*!40000 ALTER TABLE `TagLang` ENABLE KEYS */;
UNLOCK TABLES;

--
-- Table structure for table `CompanyTag`
--

DROP TABLE IF EXISTS `CompanyTag`;
/*!40101 SET @saved_cs_client     = @@character_set_client */;
/*!40101 SET character_set_client = utf8 */;
CREATE TABLE `CompanyTag` (
  `id` int(11) NOT NULL AUTO_INCREMENT,
  `company_id` int(11) DEFAULT NULL,
  `tag_id` int(11) DEFAULT NULL,
  PRIMARY KEY (`id`),
  KEY `company_id` (`company_id`),
  KEY `ix_CompanyTag_tag_id` (`tag_id`),
  CONSTRAINT `CompanyTag_ibfk_1` FOREIGN KEY (`company_id`) REFERENCES `Company` (`id`),
  CONSTRAINT `CompanyTag_ibfk_2` FOREIGN KEY (`tag_id`) REFERENCES `Tag` (`id`)
) ENGINE=InnoDB AUTO_INCREMENT=258 DEFAULT CHARSET=utf8mb4;
/*!40101 SET character_set_client = @saved_cs_client */;

--
-- Dumping data for table `CompanyTag`
--

LOCK TABLES `CompanyTag` WRITE;
/*!40000 ALTER TABLE `CompanyTag` DISABLE KEYS */;
INSERT INTO `CompanyTag` VALUES (1,1,4),(2,1,20),(3,1,16),(4,2,24),(5,2,27),(6,2,4),(7,3,25),(8,3,6),(9,3,14),(10,3,9),(11,4,25),(12,5,1),(13,5,23),(14,5,28),(15,5,14),(16,6,22),(17,6,29),(18,6,2),(19,6,13),(20,7,8),(21,8,5),(22,8,11),(23,8,26),(24,8,1),(25,9,11),(26,9,21),(27,10,2),(28,10,16),(29,11,13),(30,11,5),(31,11,12),(32,12,19),(33,13,23),(34,13,11),(35,13,15),(36,14,27),(37,14,5),(38,14,26),(39,15,10),(40,15,2),(41,15,21),(42,15,24),(43,16,7),(44,16,23),(45,16,28),(46,17,14),(47,17,29),(48,17,6),(49,18,12),(50,18,2),(51,19,13),(52,19,19),(53,20,21),(54,20,30),(55,20,12),(56,20,28),(57,21,7),(58,21,19),(59,21,12),(60,21,17),(61,22,1),(62,22,9),(63,22,17),(64,22,14),(65,23,6),(66,24,26),(67,25,28),(68,25,25),(69,25,7),(70,25,13),(71,26,2),(72,26,8),(73,26,22),(74,26,27),(75,27,27),(76,27,6),(77,27,11),(78,28,24),(79,28,23),(80,28,26),(81,28,29),(82,29,12),(83,29,6),(84,29,8),(85,30,30),(86,30,17),(87,30,18),(88,31,17),(89,31,27),(90,31,28),(91,31,6),(92,32,2),(93,32,18),(94,33,26),(95,34,11),(96,34,17),(97,34,7),(98,34,14),(99,35,10),(100,35,3),(101,36,18),(102,36,17),(103,36,4),(104,36,14),(105,37,15),(106,37,29),(107,37,27),(108,38,26),(109,38,13),(110,39,22),(111,39,30),(112,39,7),(113,39,4),(114,40,3),(115,41,26),(116,42,9),(117,42,14),(118,42,11),(119,42,13),(120,43,29),(121,43,18),(122,43,21),(123,44,26),(124,44,24),(125,44,10),(126,44,27),(127,45,29),(128,46,2),(129,46,22),(130,47,27),(131,47,25),(132,47,6),(133,47,14),(134,48,3),(135,48,25),(136,49,25),(137,50,15),(138,50,19),(139,50,11),(140,51,22),(141,51,10),(142,51,4),(143,51,28),(144,52,19),(145,53,2),(146,53,19),(147,54,8),(148,54,6),(149,54,20),(150,54,26),(151,55,11),(152,55,1),(153,56,25),(154,56,29),(155,56,14),(156,57,3),(157,58,23),(158,59,15),(159,60,28),(160,60,17),(161,61,17),(162,61,19),(163,62,2),(164,62,10),(165,62,21),(166,63,7),(167,63,20),(168,64,4),(169,64,30),(170,64,19),(171,64,28),(172,65,30),(173,65,17),(174,65,9),(175,66,1),(176,66,16),(177,66,5),(178,67,13),(179,67,27),(180,67,24),(181,68,29),(182,69,24),(183,70,19),(184,70,9),(185,71,6),(186,71,2),(187,72,28),(188,73,3),(189,73,13),(190,74,1),(191,74,26),(192,74,19),(193,74,17),(194,75,14),(195,75,15),(196,76,24),(197,76,16),(198,76,19),(199,76,29),(200,77,26),(201,77,11),(202,77,16),(203,78,15),(204,78,14),(205,78,30),(206,78,29),(207,79,12),(208,80,25),(209,81,13),(210,81,21),(211,81,28),(212,82,25),(213,82,26),(214,83,1),(215,83,20),(216,84,9),(217,84,10),(218,84,5),(219,85,1),(220,86,30),(221,87,7),(222,88,16),(223,88,29),(224,89,29),(225,89,7),(226,90,11),(227,91,11),(228,91,8),(229,91,3),(230,91,4),(231,92,8),(232,92,18),(233,92,16),(234,93,2),(235,93,16),(236,93,6),(237,93,18),(238,94,11),(239,94,2),(240,95,8),(241,95,29),(242,95,15),(243,95,11),(244,96,11),(245,96,27),(246,97,29),(247,98,14),(248,98,15),(249,98,7),(250,98,11),(251,99,19),(252,99,10),(253,99,4),(254,99,20),(255,100,20),(256,100,21),(257,100,6);
/*!40000 ALTER TABLE `CompanyTag` ENABLE KEYS */;
UNLOCK TABLES;
